insert into catissue_site (identifier, name, type, email_address, user_id, activity_status, address_id) values (1005, 'test-site', 'Repository', 'test-site@test.com', (select max(identifier) from catissue_user), 'Active', (select max(identifier) from catissue_address));
insert into csm_protection_element (protection_element_name, protection_element_description, object_id, attribute, protection_element_type, application_id, update_date) values ('edu.wustl.catissuecore.domain.Site_1005', 'edu.wustl.catissuecore.domain.Site object', 'edu.wustl.catissuecore.domain.Site_1005', '', '', (select max(application_id) from csm_application), now());
insert into csm_pg_pe (protection_group_id, protection_element_id) values ((select protection_group_id from csm_protection_group where protection_group_name = 'PUBLIC_DATA_GROUP'), (select max(protection_element_id) from csm_protection_element));
insert into catissue_capacity (one_dimension_capacity, two_dimension_capacity) values (10, 12);
insert into catissue_container_type (capacity_id, name, one_dimension_label, two_dimension_label, activity_status) values ((select max(identifier) from catissue_capacity), 'test-storage-type', 'label1', 'label2', 'Active');
insert into catissue_storage_type (identifier, default_temperature) values ((select max(identifier) from catissue_container_type), 25.0);
insert into catissue_stor_type_spec_class (storage_type_id, specimen_class) values ((select max(identifier) from catissue_container_type), 'Cell');
insert into catissue_stor_type_spec_class (storage_type_id, specimen_class) values ((select max(identifier) from catissue_container_type), 'Tissue');
insert into catissue_stor_type_spec_class (storage_type_id, specimen_class) values ((select max(identifier) from catissue_container_type), 'Molecular');
insert into catissue_stor_type_spec_class (storage_type_id, specimen_class) values ((select max(identifier) from catissue_container_type), 'Fluid');
insert into catissue_stor_type_holds_type (storage_type_id, holds_storage_type_id) values ((select min(identifier) from catissue_storage_type), (select max(identifier) from catissue_container_type));
insert into catissue_capacity (one_dimension_capacity, two_dimension_capacity) values (12, 15);
insert into catissue_container (identifier, capacity_id, full, name, activity_status) values (1007, (select max(identifier) from catissue_capacity), false, 'test-site_test-storage-type', 'Active');
insert into catissue_storage_container (identifier, site_id, temperature, storage_type_id) values (1007, 1005, 25.0, (select max(identifier) from catissue_container_type));
insert into catissue_st_cont_st_type_rel (storage_container_id, storage_type_id) values (1007, (select max(identifier) from catissue_container_type));
insert into catissue_stor_cont_spec_class (storage_container_id, specimen_class) values (1007, 'Cell');
insert into catissue_stor_cont_spec_class (storage_container_id, specimen_class) values (1007, 'Tissue');
insert into catissue_stor_cont_spec_class (storage_container_id, specimen_class) values (1007, 'Molecular');
insert into catissue_stor_cont_spec_class (storage_container_id, specimen_class) values (1007, 'Fluid');
insert into catissue_specimen_char (identifier, tissue_site, tissue_side) values (1001, 'Not Specified', 'Not Specified');
insert into catissue_abstract_specimen (identifier, specimen_class, specimen_type, lineage, pathological_status, specimen_characteristics_id, initial_quantity) values (1001, 'Tissue', 'Fixed Tissue Slide', 'New', 'Not Specified', 1001, 0.0);
insert into catissue_specimen_event_param (identifier, specimen_id, user_id) values (1001, 1001, (select max(identifier) from catissue_user));
insert into catissue_specimen_event_param (identifier, specimen_id, user_id) values (1002, 1001, (select max(identifier) from catissue_user));
insert into catissue_coll_event_param (identifier, collection_procedure, container) values (1001, 'Not Specified', 'Not Specified');
insert into catissue_received_event_param (identifier, received_quality) values (1002, 'Not Specified');
insert into catissue_abs_speci_coll_group (identifier, clinical_diagnosis, clinical_status, activity_status) values (1001, 'Trabecular adenocarcinoma ', 'Not Specified', 'Active');
insert into catissue_specimen_protocol (identifier, principal_investigator_id, title, short_title, start_date, enrollment, activity_status) values (1050, (select max(identifier) from catissue_user), 'test-participant', 'test-participant', '2009-03-01', 0, 'Active');
insert into catissue_collection_protocol (identifier, unsigned_consent_doc_url, aliquot_in_same_container, consents_waived) values (1050, 'http://www.google.com', false, false);
insert into catissue_coll_prot_event (identifier, collection_point_label, study_calendar_event_point, collection_protocol_id) values (1001, 'test-label', 1.0, 1050);
insert into catissue_cp_req_specimen (identifier, storage_type, collection_protocol_event_id) values (1001, 'Virtual', 1001);
insert into catissue_tissue_req_specimen (identifier) values (1001);
insert into catissue_participant (identifier, last_name, first_name, middle_name, birth_date, gender, genotype, ethnicity, social_security_number, activity_status, vital_status) values (1005, 'test_last', 'test_first', 'test_middle', '2009-03-01', 'Male Gender', 'Unknown', 'Hispanic or Latino', '123-34-4567', 'Active', 'Unknown');
insert into catissue_race (participant_id, race_name) values (1005, 'Black or African American');
insert into catissue_part_medical_id (participant_id, site_id, medical_record_number) values (1005, 1005, 'test');
insert into catissue_coll_prot_reg (protocol_participant_id, registration_date, participant_id, collection_protocol_id, activity_status) values ('test-reg', '2009-03-02', 1005, 1050, 'Active');
insert into catissue_st_cont_coll_prot_rel (storage_container_id, collection_protocol_id) values (1007, 1050);
insert into catissue_abs_speci_coll_group (identifier, clinical_diagnosis, clinical_status, activity_status, site_id) values (1008, 'Spindle cell carcinoma', 'Not Specified', 'Active', 1005);
insert into catissue_specimen_coll_group (identifier, name, barcode, comments, encounter_timestamp, collection_protocol_reg_id, surgical_pathology_number, collection_protocol_event_id, collection_status, date_offset) values (1008, 'test-participant_1_1', null, '', null, (select max(identifier) from catissue_coll_prot_reg), '', 1001, 'Complete', 0);
insert into catissue_specimen_event_param (identifier, specimen_coll_grp_id, user_id, event_timestamp) values (1003, 1008, (select max(identifier) from catissue_user), '2010-04-01');
insert into catissue_specimen_event_param (identifier, specimen_coll_grp_id, user_id, event_timestamp) values (1004, 1008, (select max(identifier) from catissue_user), '2010-04-01');
insert into catissue_coll_event_param (identifier, collection_procedure, container) values (1003, 'Indwelling Catheter', 'Use CP Defaults');
insert into catissue_received_event_param (identifier, received_quality) values (1004, 'Use CP Defaults');
insert into catissue_specimen_char (identifier, tissue_site, tissue_side) values (1002, 'Not Specified', 'Not Specified');
insert into catissue_abstract_specimen (identifier, specimen_class, specimen_type, lineage, pathological_status, specimen_characteristics_id, initial_quantity) values (1006, 'Tissue', 'Frozen Tissue', 'New', 'Not Specified', 1002, 50.0);
insert into catissue_specimen (identifier, label, available, barcode, comments, activity_status, specimen_collection_group_id, req_specimen_id, available_quantity, created_on_date, collection_status) values (1006, 'label 1', true, 'test barcode 1', null, 'Active', 1008, 1001, 50.0, '2010-04-01', 'Collected');
insert into catissue_tissue_specimen (identifier) values (1006);
insert into catissue_external_identifier (specimen_id) values (1006);
insert into catissue_specimen_event_param (identifier, specimen_id, user_id, event_timestamp) values (1005, 1006, (select max(identifier) from catissue_user), '2010-04-01');
insert into catissue_specimen_event_param (identifier, specimen_id, user_id, event_timestamp) values (1006, 1006, (select max(identifier) from catissue_user), '2010-04-01');
insert into catissue_coll_event_param (identifier, collection_procedure, container) values (1005, 'Not Specified', 'Not Specified');
insert into catissue_received_event_param (identifier, received_quality) values (1006, 'Not Specified');
insert into catissue_abstract_position (position_dimension_one, position_dimension_two) values (1, 1);
insert into catissue_specimen_position (identifier, specimen_id, container_id) values ((select max(identifier) from catissue_abstract_position), 1006, 1007);
insert into DE_E_1984 (IDENTIFIER, DYEXTN_AS_4_1971, DE_AT_1988, DE_AT_1989, DE_AT_1990, DE_AT_1994, DE_AT_1996, DE_AT_1995, activity_status, DE_AT_1993) values (1006, 1006, false, 10, 20, -80, 50, 30, 'Active', 'Fixed Slide');
insert into catissue_audit_event (identifier, ip_address, event_timestamp, user_id, comments) values (100010, null, now(), (select max(identifier) from catissue_user), '');
insert into catissue_audit_event_log (identifier, object_identifier, object_name, event_type, audit_event_id) values (100010, 1006, 'catissue_tissue_specimen', 'INSERT', 100010);
insert into catissue_audit_event_details (identifier, element_name, previous_value, current_value, audit_event_log_id) values (100010, 'BARCODE', null, 'test barcode 1', 100010);
insert into catissue_specimen_char (identifier, tissue_site, tissue_side) values (1003, 'Appendix', 'Left');
insert into catissue_abstract_specimen (identifier, specimen_class, specimen_type, lineage, pathological_status, specimen_characteristics_id, initial_quantity) values (1007, 'Fluid', 'Bile', 'New', 'Malignant', 1003, 75.0);
insert into catissue_specimen (identifier, label, available, barcode, comments, activity_status, specimen_collection_group_id, req_specimen_id, available_quantity, created_on_date, collection_status) values (1007, 'label 2', true, 'test barcode 2', null, 'Active', 1008, 1001, 75.0, '2010-04-01', 'Collected');
insert into catissue_fluid_specimen (identifier) values (1007);
insert into catissue_external_identifier (specimen_id) values (1007);
insert into catissue_specimen_event_param (identifier, specimen_id, user_id, event_timestamp) values (1007, 1007, (select max(identifier) from catissue_user), '2010-04-01');
insert into catissue_specimen_event_param (identifier, specimen_id, user_id, event_timestamp) values (1008, 1007, (select max(identifier) from catissue_user), '2010-04-01');
insert into catissue_coll_event_param (identifier, collection_procedure, container) values (1007, 'Lavage', 'CPT');
insert into catissue_received_event_param (identifier, received_quality) values (1008, 'Acceptable');
insert into catissue_abstract_position (position_dimension_one, position_dimension_two) values (2, 2);
insert into catissue_specimen_position (identifier, specimen_id, container_id) values ((select max(identifier) from catissue_abstract_position), 1007, 1007);
insert into DE_E_1984 (IDENTIFIER, DYEXTN_AS_4_1971, DE_AT_1988, DE_AT_1989, DE_AT_1990, DE_AT_1994, DE_AT_1996, DE_AT_1995, activity_status, DE_AT_1993) values (1007, 1007, true, null, null, null, null, null, 'Active', null);
insert into catissue_audit_event (identifier, ip_address, event_timestamp, user_id, comments) values (100011, null, now(), (select max(identifier) from catissue_user), '');
insert into catissue_audit_event_log (identifier, object_identifier, object_name, event_type, audit_event_id) values (100011, 1007, 'catissue_tissue_specimen', 'INSERT', 100011);
insert into catissue_audit_event_details (identifier, element_name, previous_value, current_value, audit_event_log_id) values (100011, 'BARCODE', null, 'test barcode 2', 100011);
insert into catissue_specimen_protocol (identifier, principal_investigator_id, title, short_title, start_date, enrollment, activity_status) values (1051, (select max(identifier) from catissue_user), 'test-distribution-protocol', 'test-distribution-protocol', '2009-03-01', 0, 'Active');
insert into catissue_distribution_protocol (identifier) values (1051);
insert into catissue_distribution_spec_req (specimen_class, specimen_type, tissue_site, pathology_status, quantity, distribution_protocol_id) values ('Tissue', 'Frozen Tissue', 'Appendix', 'Maignant', 5.0, 1051);
insert into catissue_site (identifier, name, type, email_address, user_id, activity_status, address_id) values (1006, 'test-site-2', 'Repository', 'test-site-2@test.com', (select max(identifier) from catissue_user), 'Active', (select max(identifier) from catissue_address));
insert into csm_protection_element (protection_element_name, protection_element_description, object_id, attribute, protection_element_type, application_id, update_date) values ('edu.wustl.catissuecore.domain.Site_1006', 'edu.wustl.catissuecore.domain.Site object', 'edu.wustl.catissuecore.domain.Site_1006', '', '', (select max(application_id) from csm_application), now());
insert into csm_pg_pe (protection_group_id, protection_element_id) values ((select protection_group_id from csm_protection_group where protection_group_name = 'PUBLIC_DATA_GROUP'), (select max(protection_element_id) from csm_protection_element));
